"customer_id","customer_name"
866,"Rachel Scott"
887,"Kayla Reed"
802,"Victor Turner"
455,"Derek Scott"
850,"Frank Turner"
801,"Rachel Scott"
856,"Daniel Davis"
807,"Patrick Davis"
756,"Tara Green"
872,"Henry Smith"
852,"Nathan Turner"
836,"Brian Davis"
20,"Quinn Smith"
847,"Tara Reed"
25,"Ursula Brown"
26,"Rachel Johnson"
27,"Kayla Brown"
883,"Gina Reed"
785,"Frank Davis"
765,"Daniel Scott"
786,"Jack Reed"
825,"Jack Davis"
838,"Jack Turner"
805,"Henry Harris"
815,"Victor Green"
774,"Nathan Wilson"
833,"Patrick Davis"
11,"Alice Johnson"
39,"Gina Davis"
839,"Nathan Scott"
834,"Tara Davis"
882,"Jake Green"
131,"Alicia Reed"
812,"Jack Reed"
17,"Zachary Hughes"
827,"Rachel Davis"
861,"Xavier Turner"
33,"Ivy Davis"
816,"Zackary Turner"
779,"Henry Reed"
442,"Derek Green"
31,"Amelia Smith"
817,"Daniel Davis"
34,"Monica Smith"
763,"Victor Reed"
12,"Yvonne Griffin"
10,"Olivia Brown"
18,"Wanda Reed"
848,"Xavier Reed"
752,"Daniel Brown"
853,"Rachel Davis"
250,"Paul Baker"
478,"Rachel Reed"
777,"Zackary Brown"
898,"Jake Davis"
2,"Wanda Fisher"
796,"Xavier Brown"
186,"Monica Reed"
843,"Daniel Reed"
823,"Brian Reed"
841,"Victor Davis"
886,"Noah Reed"
781,"Patrick Smith"
893,"Isla Smith"
819,"Leo Davis"
47,"Monica Davis"
813,"Nathan Reed"
46,"Ivy Smith"
15,"Patrick Reed"
851,"Jack Green"
806,"Leo Scott"
40,"Kayla Davis"
885,"Quinn Walker"
868,"Zackary Reed"
891,"Olivia Adams"
468,"Derek Green"
880,"Patrick Hall"
800,"Nathan Green"
13,"Victor Scott"
879,"Rachel Brooks"
9999,"Bruce Wayne"
770,"Xavier Reed"
782,"Tara Scott"
869,"Patrick Murphy"
837,"Frank Reed"
21,"Carol Davis"
897,"Mia Davis"
5,"Noah Green"
789,"Victor Davis"
822,"Xavier Reed"
896,"Patrick Scott"
846,"Patrick Green"
863,"Frank Reed"
818,"Henry Turner"
820,"Patrick Scott"
775,"Rachel Johnson"
889,"Tara Sanchez"
759,"Frank Turner"
19,"Tara Clark"
37,"Yara Reed"
32,"Erin Brown"
875,"Olivia Hughes"
133,"Iris Scott"
416,"Derek Davis"
804,"Daniel Reed"
758,"Brian Smith"
755,"Patrick Davis"
892,"Leo Smith"
427,"Victor Harris"
803,"Zackary Turner"
24,"Xavier Hughes"
38,"Chloe Reed"
865,"Nathan Scott"
809,"Xavier Davis"
8,"Ursula Turner"
881,"Mia Martin"
855,"Zackary Davis"
877,"Isla Brown"
876,"Leo Green"
48,"Quinn Reed"
28,"Olivia Davis"
821,"Tara Scott"
30,"Wanda Davis"
871,"Kayla Lewis"
762,"Rachel Turner"
751,"Zackary Brown"
828,"Victor Scott"
795,"Tara Davis"
831,"Henry Turner"
811,"Frank Reed"
842,"Zackary Davis"
799,"Jack Harris"
767,"Leo Smith"
844,"Henry Reed"
835,"Xavier Davis"
788,"Rachel Turner"
849,"Brian Reed"
826,"Nathan Turner"
764,"Zackary Wilson"
761,"Nathan Smith"
845,"Leo Scott"
778,"Daniel Wilson"
870,"Noah Foster"
42,"Samuel Smith"
794,"Patrick Reed"
862,"Brian Davis"
6,"Jane Doe"
29,"Samuel Davis"
41,"Olivia Smith"
830,"Daniel Green"
840,"Rachel Scott"
769,"Tara Reed"
858,"Leo Davis"
766,"Henry Clark"
16,"Bob Brown"
854,"Victor Green"
236,"Karen Mitchell"
888,"Henry Green"
810,"Brian Davis"
294,"Monica Davis"
857,"Henry Turner"
36,"Ulysses Smith"
4,"Quinn Johnson"
200,"Frank Lewis"
23,"Amelia Ross"
44,"Amelia Reed"
814,"Rachel Davis"
754,"Leo Harris"
791,"Daniel Turner"
1,"John Smith"
890,"Rachel Davis"
793,"Leo Reed"
768,"Patrick Reed"
49,"Ulysses Reed"
860,"Tara Turner"
22,"Victor Cruz"
45,"Erin Johnson"
780,"Leo Turner"
760,"Jack Green"
829,"Zackary Reed"
895,"Samuel Clark"
894,"Ursula Lee"
790,"Zackary Scott"
43,"Wanda Davis"
771,"Brian Green"
864,"Jack Turner"
3,"Tara Green"
797,"Brian Scott"
14,"Samuel Reed"
884,"Samuel Walker"
824,"Frank Turner"
776,"Victor Green"
873,"Ella Brown"
859,"Patrick Reed"
787,"Nathan Reed"
35,"Quinn Davis"
878,"Felix Davis"
792,"Henry Turner"
867,"Victor Scott"
784,"Brian Davis"
753,"Henry Carter"
757,"Xavier Taylor"
783,"Xavier Scott"
773,"Jack Smith"
808,"Tara Reed"
798,"Frank Scott"
874,"Quinn Hayes"
9,"Rachel Lewis"
832,"Leo Turner"
130,"Wanda Scott"
223,"Brian Lewis"
772,"Frank Reed"
7,"Xavier Wright"
